0,Bruce:Diaz
1,Ashley:Carter
2,Benjamin:Adams
3,Chelsey:Velez
4,Emily:Craig
5,Maria:Beltran
6,Lance:Knight
7,Nicholas:Johnson
8,Heather:Stanley
9,Maria:Lawrence
10,Tracie:Yang
11,Mary:Long
12,Leah:Allen
13,Janice:Lee
14,Sara:Barnes
15,Wendy:Bradshaw
16,Samantha:Hoover
17,Brian:Davis
18,Steven:Mejia
19,Karen:Price
20,Hannah:Baker
21,Jonathan:Taylor
22,Christopher:Johnson
23,Noah:Brennan
24,Sierra:Nelson
25,Alexis:Morrison
26,Adam:Freeman
27,Amber:Abbott
28,Scott:Aguilar
29,Melanie:Brown
30,Kevin:Walls
31,Sara:Mejia
32,Michael:Lopez
33,John:Neal
34,William:Robinson
35,Alexa:Douglas
36,Joseph:Johnson
37,Riley:Acevedo
38,Jerry:Butler
39,Cody:Bolton
40,Thomas:Phillips
41,Melinda:Reynolds
42,Sheryl:King
43,Richard:Moore
44,Aaron:Owens
45,Daniel:Singh
46,Kaitlin:Pollard
47,Andrew:Collins
48,Michael:Davenport
49,David:Wong
50,Gregory:Long
51,Rita:Jensen
52,Jon:Collins
53,Don:Cowan
54,Robert:Clark
55,Antonio:Savage
56,Jonathan:Mccormick
57,Colin:Johns
58,Tammy:Lindsey
59,Rebecca:Barnett
60,Mark:Moore
61,Robert:Bauer
62,Julia:Smith
63,Kimberly:Reyes
64,Kevin:Watson
65,Amber:Pena
66,Robert:Mercer
67,Kristi:Parker
68,Ashley:Larson
69,Andrew:Lopez
70,Angelica:Cole
71,James:Williams
72,Danielle:Parker
73,Rachel:Montes
74,Phillip:James
75,Brian:Howard
76,Stephanie:Perry
77,William:Hughes
78,Timothy:Barajas
79,Alexander:Anderson
80,Jason:Pace
81,Matthew:Foster
82,Katherine:Mcdaniel
83,Mark:Campbell
84,Andrew:Scott
85,Kimberly:Avery
86,Ryan:Wood
87,Michelle:Mcdaniel
88,Krystal:Pierce
89,Jonathan:Hayes
90,Derrick:Ryan
91,Holly:Baker
92,Kristin:Daniels
93,Norman:Meyer
94,Patricia:Green
95,Jennifer:Merritt
96,John:Miller
97,Tyler:Green
98,Ann:Henry
99,Robert:Blair
100,Angela:Brady
101,Jerry:Knox
102,Michael:Boyle
103,Christopher:Espinoza
104,Jacqueline:Fritz
105,Keith:Johnson
106,Jose:Peck
107,Rachel:Lee
108,Wendy:Decker
109,Kenneth:Green
110,Michael:Gonzalez
111,Danielle:Morgan
112,Teresa:Martinez
113,Bruce:Whitaker
114,Amanda:Davis
115,Jesse:Perez
116,Autumn:Rivera
117,Erica:Charles
118,Margaret:Young
119,Keith:Rivera
120,John:Ellis
121,Taylor:Meyer
122,Nicole:Castillo
123,Philip:Meyer
124,Jeremy:Johnson
125,Derrick:Lane
126,Robert:Knapp
127,Richard:Shields
128,Timothy:Bullock
129,Steven:Curry
130,Edwin:Bender
131,Kenneth:Massey
132,Marc:Murray
133,Leah:Burke
134,Craig:Schmidt
135,Joshua:Schultz
136,Tyler:Wright
137,Michelle:Maynard
138,John:Gomez
139,Daniel:White
140,George:Raymond
141,Jeffery:Brown
142,Ashley:Anderson
143,Jonathan:James
144,Marie:Patterson
145,Alexis:Gibbs
146,Tyler:Short
147,Patricia:King
148,Elizabeth:Townsend
149,Crystal:Bernard
150,Zachary:Walker
151,Joshua:Webster
152,Jo:Walker
153,Angela:Dillon
154,Danielle:Montgomery
155,Alice:Mitchell
156,Julie:Burke
157,Alvin:Stewart
158,Theresa:Johnson
159,Aaron:Huffman
160,Nancy:Ramos
161,Ryan:Gray
162,Jasmine:Cooper
163,Tammy:Lewis
164,Tracy:Hendricks
165,Catherine:Crawford
166,Lynn:Aguilar
167,Carol:Thornton
168,Zachary:Watkins
169,Brandon:Suarez
170,Brian:Stevenson
171,Lori:Ayers
172,Katherine:Roth
173,Adam:Moran
174,Cassandra:Morrow
175,Olivia:Woodward
176,Nathan:Sanders
177,Raymond:White
178,Savannah:Kim
179,Lucas:Mccormick
180,Amy:Rose
181,Jeffrey:Camacho
182,Ryan:Lopez
183,Kimberly:Galvan
184,Cassandra:Dalton
185,Leslie:Harrison
186,Pamela:Smith
187,Michael:Richmond
188,Steven:Odom
189,Michael:Smith
190,Maureen:Mills
191,Victor:Gates
192,Gabriela:Lane
193,John:Jones
194,Anthony:Sparks
195,Matthew:Callahan
196,Dean:King
197,Suzanne:Oneill
198,Danielle:Mack
199,Kristin:Russell
200,Megan:Anderson
201,Darrell:Cox
202,Ryan:Chung
203,Carmen:Williams
204,Jessica:Lyons
205,Maria:Dominguez
206,Sarah:Flynn
207,Debra:Rogers
208,Michael:Pearson
209,Amy:Nguyen
210,Mark:Smith
211,Michelle:Herrera
212,Amber:Bernard
213,Jacqueline:Hines
214,Kimberly:Gonzalez
215,Jenna:Morales
216,William:Gordon
217,Kevin:Elliott
218,Melissa:Soto
219,Nicolas:Osborne
220,Ronald:Suarez
221,Tammy:Kim
222,Lisa:Cameron
223,Carol:Odonnell
224,Jerry:Evans
225,Robert:Mann
226,Sara:Fernandez
227,Chelsea:Brock
228,Thomas:Foley
229,Brandy:Cummings
230,Johnny:Christensen
231,Robin:Webb
232,Eric:Fowler
233,Kimberly:Miller
234,Troy:Clayton
235,Garrett:Hudson
236,Ronald:Silva
237,Cameron:Hess
238,Samantha:Allen
239,Tammy:Holland
240,Michael:French
241,Tracey:Wallace
242,Kimberly:Anderson
243,Mario:Williams
244,Patricia:Wolfe
245,Zoe:Logan
246,Vincent:Knight
247,Benjamin:Jacobson
248,John:Scott
249,James:Wu
250,Dawn:Williamson
251,Brian:Thomas
252,Stephen:Hodges
253,Nicole:Bailey
254,David:Lin
255,Benjamin:Black
256,Amanda:Acosta
257,Angel:Mckee
258,Zachary:Davidson
259,Kelly:Fisher
260,Emily:Walker
261,Patrick:Kirby
262,Alyssa:Perez
263,William:Schneider
264,Ashley:Pacheco
265,Zachary:Adkins
266,Leonard:Robertson
267,Larry:Peterson
268,Donald:May
269,Gary:Green
270,Jeffrey:Harris
271,Megan:Mitchell
272,Alexandra:Williamson
273,Courtney:Sanders
274,Scott:Andrews
275,Tanya:Thomas
276,Stacy:Hunt
277,Jose:Hale
278,Victoria:Schneider
279,Janice:Adkins
280,Anna:Foley
281,Christopher:Fernandez
282,Ryan:Keith
283,Brian:Acevedo
284,Paula:Rivers
285,Joan:Bullock
286,Courtney:Lee
287,Leslie:Watson
288,Brooke:Duran
289,Nicole:Baker
290,Chloe:Smith
291,Jennifer:Salazar
292,Justin:Wyatt
293,William:Carter
294,Steven:Black
295,Tammy:Kelly
296,Erik:Greene
297,Melissa:Hayden
298,Amanda:Chapman
299,Carl:Clark
300,Dwayne:Byrd
301,David:Jackson
302,Kelly:Heath
303,Rachel:Allen
304,Daniel:Moreno
305,Vanessa:Smith
306,Jimmy:Mcpherson
307,Jaclyn:Johnson
308,Marc:Smith
309,Eddie:Mcclain
310,Kim:Mclaughlin
311,Corey:Hughes
312,Angela:Jones
313,Vanessa:Lewis
314,Sean:Stone
315,Benjamin:Morgan
316,Jeremy:Lopez
317,Jeremy:Padilla
318,Heather:Buck
319,Alexander:Lang
320,Melinda:Ballard
321,Jennifer:Vazquez
322,Michelle:Sanchez
323,Angela:Wilson
324,Lisa:Greer
325,Julie:Martinez
326,Christie:Green
327,Mariah:Miles
328,Frank:Henry
329,Amy:Roth
330,Ashley:Thomas
331,Marie:Smith
332,Kenneth:Hernandez
333,Kevin:Butler
334,Emily:Lopez
335,Shannon:Flores
336,Alexis:Foster
337,Kelly:Coleman
338,Heather:Fitzgerald
339,David:Wang
340,Kevin:Anderson
341,Diana:Savage
342,Christopher:Boone
343,Darryl:King
344,Austin:Davis
345,Donna:Campbell
346,Amanda:Garcia
347,Sarah:Vazquez
348,Sheila:Brown
349,Nicole:Wilson
350,Bernard:Conrad
351,Daniel:Sharp
352,Robert:Sanchez
353,Alexander:Cervantes
354,Steven:Anderson
355,Katherine:Howard
356,Christina:Shaw
357,James:Hicks
358,Laura:Martin
359,Ethan:Turner
360,Brian:Merritt
361,April:Martinez
362,Stefanie:Jones
363,Amanda:Harris
364,Melanie:Owens
365,Marc:Thomas
366,Teresa:Hunt
367,Alexander:Spencer
368,Matthew:West
369,Deborah:Medina
370,Jennifer:Rice
371,William:Keith
372,Kimberly:Harrison
373,Michelle:Suarez
374,Stephanie:Downs
375,Keith:Turner
376,Donna:Mcconnell
377,James:Ruiz
378,Colton:Bennett
379,William:Butler
380,Pamela:Mathews
381,Bryan:Cherry
382,Steven:Johnson
383,Denise:Foster
384,Ashley:Romero
385,Julie:Sullivan
386,Brandon:Frost
387,Tammy:Mendoza
388,Jeffrey:Garcia
389,Joann:Padilla
390,Holly:Harper
391,David:Aguirre
392,Angela:Bell
393,Jennifer:Key
394,Max:King
395,Anna:Gonzalez
396,Darlene:Williams
397,Melissa:Spencer
398,William:Kelly
399,Jennifer:Campos
400,Erica:Stafford
401,Elizabeth:Taylor
402,Margaret:Clark
403,William:Olson
404,Nathaniel:Kelly
405,John:Allen
406,Dave:Reed
407,Justin:Murray
408,Jennifer:Juarez
409,James:Hogan
410,Sean:Carlson
411,Cheryl:Ali
412,Kelly:Jenkins
413,Jason:Newton
414,Ryan:Taylor
415,Ryan:Richards
416,Diane:Young
417,Colton:Olsen
418,Linda:Peterson
419,Julie:Owens
420,Frank:Watson
421,Lisa:Nguyen
422,Felicia:Washington
423,Michelle:Martinez
424,Patricia:Vaughn
425,Thomas:Martin
426,Christian:Johnson
427,Christopher:Cox
428,Kristin:Hutchinson
429,Angela:Shelton
430,Willie:Walker
431,Daniel:Hernandez
432,Gerald:Brooks
433,Charles:Cole
434,Ronald:Joseph
435,Carrie:Clark
436,Douglas:Costa
437,Melissa:Wilson
438,Louis:Ward
439,Jeremy:Carlson
440,Meghan:Schaefer
441,Hannah:Lewis
442,Timothy:Harris
443,Mario:Pitts
444,Kathryn:Watson
445,Katherine:Valdez
446,Corey:Lowery
447,Timothy:Crawford
448,Miranda:Dawson
449,Andrew:Webb
450,Samuel:Odom
451,Brandy:Edwards
452,Amy:Martin
453,Oscar:Vasquez
454,Elizabeth:Cox
455,Jason:Johnson
456,Sarah:Velez
457,Deanna:Bailey
458,Thomas:Baxter
459,Monica:Gardner
460,Shannon:Macdonald
461,Brian:Le
462,Maria:Lopez
463,Jane:Ward
464,Amy:Sparks
465,Christine:Baker
466,Natasha:Hamilton
467,Paul:Mcconnell
468,Amanda:Rivera
469,Matthew:Murphy
470,Alice:Adams
471,Austin:Wilkerson
472,Lindsey:Valenzuela
473,Jessica:Rush
474,Kevin:Fernandez
475,Renee:Smith
476,Jason:Williams
477,Matthew:Smith
478,Vanessa:Weaver
479,Daniel:Glass
480,Kyle:Roberts
481,Lisa:Morgan
482,Jill:Gray
483,Jorge:Dominguez
484,Amanda:Johnson
485,Ashlee:Hampton
486,Kathryn:Reeves
487,Luis:Robinson
488,Andrea:Cook
489,Jerry:Kim
490,Catherine:Baker
491,Amy:Hawkins
492,Scott:Murphy
493,Lisa:Williams
494,Lindsay:Holder
495,Stacie:Wallace
496,Stephanie:Anderson
497,Alejandra:Davis
498,Angela:Taylor
499,Holly:Murphy
500,Amanda:Martinez
501,Danielle:Campbell
502,Morgan:Price
503,Patricia:Mullins
504,Martin:Gaines
505,Rachel:Gallagher
506,Christopher:Perez
507,Donna:Rogers
508,Edward:Brown
509,Mary:Ford
510,Ashley:Hill
511,Thomas:Adams
512,Jason:Flynn
513,Victoria:Olsen
514,Paul:Brown
515,Heather:Hubbard
516,Melissa:Harrington
517,Veronica:Lewis
518,Abigail:Riley
519,Robert:Phelps
520,Allison:Johnson
521,Mark:West
522,Phillip:Warner
523,Jacob:Burke
524,Sabrina:Buchanan
525,Tammy:Smith
526,Paula:Diaz
527,Jacob:Graham
528,Courtney:Martin
529,Julie:Sutton
530,Amber:Gray
531,Eric:Welch
532,David:Vargas
533,Gary:Li
534,Eric:Morales
535,Clarence:Mccarty
536,Robert:Whitehead
537,Rachel:Carpenter
538,Patricia:Johnson
539,Ian:Martinez
540,Michael:Barnett
541,Mark:Smith
542,Elizabeth:Gordon
543,Ashley:Marsh
544,Malik:Torres
545,Larry:Patterson
546,Jessica:Sanchez
547,Brianna:Harris
548,Courtney:Richardson
549,Brian:Torres
550,Laura:Gardner
551,Lori:Jensen
552,Erica:Ramos
553,Edward:Sexton
554,Jay:Garcia
555,Eric:Alvarez
556,Scott:Tucker
557,Kristina:Fowler
558,Nicholas:Smith
559,Marvin:Sullivan
560,Justin:Horne
561,David:Mccann
562,Michael:Reed
563,Jessica:Stout
564,Emily:Anderson
565,Patrick:Harris
566,Megan:Allen
567,Amy:Greene
568,Anne:Graham
569,David:King
570,Gerald:King
571,Christopher:Sullivan
572,William:Johnson
573,Gina:White
574,Diana:Salas
575,Patrick:Rojas
576,James:James
577,George:Nguyen
578,Alejandro:Bryant
579,Joe:Miller
580,Karen:Chavez
581,Elizabeth:Brown
582,Laura:Clark
583,Charles:Greer
584,Madison:Davis
585,Joseph:Brady
586,Kathleen:Robinson
587,Joshua:Shaffer
588,Rachel:Burns
589,David:Cantu
590,Jeffrey:Day
591,Dalton:Gomez
592,Kim:Lawson
593,Devin:Abbott
594,Elizabeth:Garcia
595,Michael:Dunlap
596,Tracy:Johnston
597,John:Fletcher
598,Joshua:Green
599,Anne:Logan
600,Jessica:Nguyen
601,Christopher:Lowery
602,Lisa:Torres
603,Anita:Paul
604,Andrew:Norris
605,Frank:Griffith
606,Tracey:Davis
607,Jacqueline:Pollard
608,Joshua:Russell
609,Brad:Perkins
610,Courtney:Curtis
611,Julie:Wood
612,Megan:Rodriguez
613,Dennis:Bates
614,Jack:Saunders
615,Kristen:Young
616,Kristie:Stevenson
617,Joseph:Pena
618,Cheryl:Martinez
619,David:Campbell
620,David:Martin
621,Thomas:Cook
622,Pamela:Barry
623,Frank:Holmes
624,Matthew:Velazquez
625,Melissa:Jones
626,Melinda:Griffith
627,Danielle:Chambers
628,Brandi:Mora
629,James:Grimes
630,Janet:Fletcher
631,Evan:Allen
632,Melissa:Allen
633,Devin:Martinez
634,Monica:Green
635,Michael:Scott
636,Cheyenne:Lopez
637,Joseph:Smith
638,Brett:King
639,Lisa:Carter
640,Melinda:White
641,Ryan:Nguyen
642,Jason:Carrillo
643,Brandon:Ramirez
644,Kenneth:Cox
645,Courtney:Rivera
646,James:Lee
647,Nicole:Price
648,Dustin:Baxter
649,Dennis:Graves
650,Teresa:Molina
651,Jessica:Erickson
652,Jacqueline:Davis
653,Shawn:Medina
654,Laura:Howell
655,Dennis:Thompson
656,Scott:Jones
657,Anthony:Martin
658,Heather:Williams
659,Barbara:Martin
660,Cheryl:Wagner
661,Victor:Price
662,Donna:Dawson
663,Mark:Baldwin
664,Briana:Phillips
665,Katie:Love
666,Todd:Brown
667,Jessica:Eaton
668,Justin:Atkinson
669,Christine:Webb
670,Crystal:Olson
671,Connie:Poole
672,Vanessa:Byrd
673,Larry:Thompson
674,Brittany:Walters
675,Samantha:Cruz
676,Debra:Ramos
677,Adrienne:Rojas
678,Anthony:Smith
679,Scott:Gallegos
680,Jamie:Rice
681,Terri:Arnold
682,Lori:Moreno
683,Brian:Zavala
684,Erin:Gilbert
685,Jason:Lopez
686,Jon:Wise
687,Angela:Bradley
688,Connie:Stanley
689,Nicholas:Smith
690,Heather:Jordan
691,Andrea:Henry
692,Carlos:Lawrence
693,Bob:Alexander
694,Jonathan:Sandoval
695,Paul:Nelson
696,Brian:Alvarez
697,Cole:Mueller
698,Richard:Webster
699,Mary:Jones
700,James:Shah
701,Devon:Myers
702,Roger:Wagner
703,Nicole:Cole
704,Michael:Hurley
705,Taylor:Lang
706,Blake:Miller
707,Deborah:Valdez
708,Catherine:Davis
709,Amanda:Stevens
710,Thomas:Kelly
711,Justin:Chapman
712,Raymond:Smith
713,Amanda:Bridges
714,Devin:Smith
715,Priscilla:Cox
716,Becky:Ross
717,Tiffany:Davis
718,Leslie:Fowler
719,Joseph:Mitchell
720,Louis:Booth
721,Kathryn:Anthony
722,Shane:Guerra
723,Ronald:Nelson
724,Christopher:Carter
725,Jessica:Smith
726,Elizabeth:Tran
727,Tanya:Walker
728,Michael:Williams
729,William:Fowler
730,Karen:Harris
731,Bobby:Marshall
732,Heather:Holt
733,Keith:Keith
734,Maurice:Gates
735,John:Taylor
736,Laurie:Cummings
737,Julie:Green
738,Brandon:Fisher
739,Angela:Hendricks
740,James:Weaver
741,Robert:Lyons
742,Robin:Cain
743,Rachel:Durham
744,Diane:Choi
745,Taylor:Howard
746,Raymond:Gardner
747,Stephanie:Frank
748,Elizabeth:Park
749,Richard:Bush
750,Joseph:Holmes
751,David:Ferguson
752,Diana:Ward
753,Megan:Holland
754,Francis:Campbell
755,Jeffrey:Mcneil
756,Judith:Garcia
757,Tara:Owens
758,Melissa:Bennett
759,Paul:Underwood
760,April:Coleman
761,Anthony:Carey
762,Pamela:Bautista
763,Kathleen:Cabrera
764,Theresa:Campbell
765,Jordan:Farrell
766,Ann:Murphy
767,Marcus:Williams
768,Paul:Curry
769,Dana:Anderson
770,Diane:Molina
771,Donna:Ramirez
772,William:Smith
773,Crystal:Zhang
774,Herbert:Williams
775,Jackie:Kelly
776,Alyssa:Becker
777,Sue:Brown
778,Thomas:Jones
779,Debra:Carpenter
780,Christine:Holden
781,Mark:Pham
782,Molly:Owens
783,Michael:Burns
784,Michael:Lopez
785,David:Johnson
786,Christopher:Contreras
787,Tonya:Phillips
788,Lynn:Soto
789,Jason:Sims
790,Brendan:Garcia
791,Cynthia:Smith
792,Krystal:Hodge
793,Derek:Ford
794,Michael:James
795,Katelyn:Bryant
796,Christine:Hughes
797,Jose:Rivera
798,Stanley:Williamson
799,Steven:Lee
800,Joseph:Benson
801,Darlene:Johnson
802,William:Miller
803,Eric:Tran
804,Caitlin:Garza
805,Nathan:Burke
806,Tammy:Miller
807,Tracy:Johnson
808,Rebekah:Johns
809,Stephen:Sullivan
810,Jessica:Davidson
811,Courtney:Santos
812,Katherine:Williams
813,Joshua:Hall
814,Diane:Oliver
815,Jennifer:Jordan
816,Billy:Oliver
817,Gregory:Mitchell
818,Jessica:Martinez
819,Denise:Wagner
820,Alexandria:Phillips
821,Christina:Roberts
822,Cassandra:Burnett
823,Christopher:Garcia
824,Kathryn:Williams
825,Marcus:Bush
826,Emily:Rose
827,Ellen:Terrell
828,Jill:Fritz
829,Bradley:Rose
830,Amy:Evans
831,Christy:Miller
832,Lauren:Wilkins
833,Yvonne:Holmes
834,Karen:Moore
835,Nicole:Bartlett
836,John:Moreno
837,Melody:Clark
838,Jesse:Williamson
839,John:Thompson
840,Jessica:Miller
841,Elizabeth:Foster
842,Cynthia:Nelson
843,Caitlin:Chapman
844,Marilyn:Dixon
845,Matthew:Berg
846,David:Jacobs
847,Jason:Cain
848,Lindsey:Dickson
849,Travis:Howard
850,Alexandra:Martin
851,Mary:Hobbs
852,Matthew:Torres
853,Leslie:Miles
854,Victoria:Cortez
855,James:Johnson
856,Christopher:Mendez
857,Victor:Murphy
858,Nancy:Hopkins
859,Kathy:Bass
860,Jamie:Dunlap
861,Michele:Mcmahon
862,Cody:Thomas
863,Dalton:Jones
864,Patricia:Rodriguez
865,Pamela:Gutierrez
866,Alison:Thomas
867,Phillip:Mathews
868,Michelle:Li
869,Miguel:Padilla
870,Mark:Humphrey
871,Nathan:Glenn
872,Crystal:Boyd
873,Sarah:Harris
874,Joseph:Williamson
875,John:Davis
876,Renee:Coleman
877,Terrance:Jensen
878,Andrew:Howell
879,Tanya:Gordon
880,Steven:Houston
881,Margaret:Russell
882,Jonathan:Weaver
883,Amy:Baker
884,Maria:Kim
885,William:Thompson
886,Antonio:Smith
887,Kevin:Pierce
888,John:White
889,John:Downs
890,Charles:Ortega
891,James:Flores
892,Scott:Moore
893,Jonathan:Garcia
894,Brianna:Perkins
895,Cassie:Cunningham
896,Shane:Olson
897,Max:Brown
898,Shelly:Lewis
899,Joe:Jackson
900,Paul:Thornton
901,Paul:Stone
902,Taylor:Larson
903,Heather:Lewis
904,Amanda:Gallegos
905,Donald:Kim
906,Jeremy:Sparks
907,Debra:Osborn
908,Charles:Jones
909,Lisa:Smith
910,Natalie:Montes
911,Kristin:Baker
912,Brittany:Mills
913,Jean:Vega
914,Tanya:Smith
915,Erin:Paul
916,Sean:Holloway
917,Kristina:Butler
918,Troy:Roy
919,Lorraine:Suarez
920,Bruce:Holden
921,Roger:Anderson
922,Brittany:Arnold
923,Charles:Wright
924,Gloria:Miller
925,Matthew:Chan
926,Christina:Perez
927,Benjamin:Massey
928,Blake:Craig
929,Johnny:Mcclure
930,Allen:Johnson
931,Alexandra:Diaz
932,Cindy:Tran
933,Felicia:Oconnor
934,Anthony:Hammond
935,Nicholas:Thompson
936,Kristina:Morris
937,Todd:Martinez
938,Mark:Davis
939,Melinda:Flores
940,Shane:Clark
941,Sarah:Walker
942,Chris:Smith
943,Jessica:Stevens
944,Kristy:Sellers
945,Donald:Thompson
946,Jason:Carpenter
947,Heidi:Kerr
948,Dwayne:Russell
949,Lori:Gray
950,Michelle:Taylor
951,Aaron:Mason
952,Adam:Rich
953,Tammy:Dawson
954,Barbara:Ramirez
955,Daniel:Montoya
956,Taylor:Hill
957,April:Maxwell
958,William:Robinson
959,Patrick:Nguyen
960,Matthew:Fuentes
961,Jodi:Duncan
962,David:George
963,Diana:Gibson
964,Amanda:Miller
965,Nicole:Miller
966,Hector:Richards
967,Melissa:Horton
968,Morgan:White
969,Lori:Collins
970,Deborah:Smith
971,Jordan:Day
972,Brian:Lynch
973,Jessica:Jones
974,William:Allen
975,Sarah:Berry
976,Kelly:Schmidt
977,Rhonda:Lopez
978,Angela:Ramirez
979,Daniel:Nichols
980,Jessica:Thomas
981,Christopher:Martin
982,Angela:Hammond
983,Victoria:Flores
984,Robert:Mills
985,Kenneth:Fischer
986,Robert:Blair
987,Sheryl:Holt
988,Daniel:Farrell
989,Jason:Young
990,Philip:Torres
991,William:Anderson
992,Joseph:Phillips
993,Samantha:Butler
994,Edward:Guzman
995,Jeffrey:Hunt
996,Melissa:Cabrera
997,Ricardo:Roberts
998,Thomas:Peterson
999,Lisa:Molina
